"SourceFile","DateTimeOriginal","GPSLongitude","GPSLatitude","ExposureTime","FNumber","ISO","FocalLength"
"DSCN7961.JPG","2022:04:14 14:21:41",NA,NA,0.002,8.8,125,10.1
"DSCN7962.JPG","2022:04:14 14:21:47",NA,NA,0.002,9.1,125,13
"DSCN7963.JPG","2022:04:14 14:21:54",NA,NA,0.002,9.1,125,13
"DSCN7965.JPG","2022:04:14 14:50:57",-123.345278333333,48.492595,0.0025,4.9,125,21.5
"DSCN7966.JPG","2022:04:14 14:51:05",-123.345243333333,48.4925483333333,0.0025,4.9,125,21.5
"DSCN7967.JPG","2022:04:14 14:51:11",-123.345241666667,48.4925216666667,0.0025,4.9,125,21.5
"DSCN7968.JPG","2022:04:14 14:51:13",-123.345241666667,48.4925233333333,0.0025,4.9,125,21.5
"DSCN7969.JPG","2022:04:14 14:51:15",-123.345226666667,48.4925616666667,0.0025,4.9,125,21.5
"DSCN7970 copy.JPG","2022:04:14 14:51:16",-123.345226666667,48.492575,0.0025,4.9,125,21.5
"DSCN7970.JPG","2022:04:14 14:51:16",-123.345226666667,48.492575,0.0025,4.9,125,21.5
"DSCN7971.JPG","2022:04:14 14:52:28",-123.345363333333,48.49294,0.02,4.2,125,7.2
"DSCN7973.JPG","2022:04:14 14:52:30",-123.345363333333,48.49294,0.02,4.2,125,7.2
"DSCN7975.JPG","2022:04:14 14:52:41",-123.345313333333,48.4928816666667,0.008,4.2,125,7.2
"DSCN7977.JPG","2022:04:14 14:53:54",-123.345436666667,48.4931233333333,0.0125,4.2,125,7.2
"DSCN7978.JPG","2022:04:14 14:54:26",-123.345461666667,48.4931166666667,0.002,4.2,125,7.2
"DSCN7979.JPG","2022:04:14 14:54:29",-123.345443333333,48.4931316666667,0.01,4.2,125,7.2
"DSCN7980.JPG","2022:04:14 14:54:42",-123.345493333333,48.493115,0.008,4.2,125,7.2
"DSCN7982.JPG","2022:04:14 14:54:58",-123.345633333333,48.4930633333333,0.01666666667,4.2,125,7.2
"DSCN7983.JPG","2022:04:14 14:55:04",-123.34561,48.49303,0.03333333333,4.2,125,7.2
"DSCN7984.JPG","2022:04:14 14:55:09",-123.345673333333,48.4931733333333,0.03333333333,4.2,125,7.2
"DSCN7985.JPG","2022:04:14 14:55:12",-123.345681666667,48.4932116666667,0.025,4.2,125,7.2
"DSCN7987.JPG","2022:04:14 14:56:31",-123.345445,48.49302,0.00625,4.2,125,7.2
"DSCN7988.JPG","2022:04:14 14:56:33",-123.345595,48.4929716666667,0.00625,4.2,125,7.2
"DSCN7989.JPG","2022:04:14 14:56:36",-123.345575,48.4930333333333,0.005,4.2,125,7.2
"DSCN7991.JPG","2022:04:14 14:56:47",-123.345606666667,48.493045,0.004,4.2,125,7.2
"DSCN7992.JPG","2022:04:14 14:57:21",-123.345631666667,48.49316,0.025,4.2,125,7.2
"DSCN7999.JPG","2022:04:14 14:58:25",-123.345681666667,48.4931316666667,0.01666666667,2.8,125,5.1
"DSCN8000.JPG","2022:04:14 14:58:27",-123.345663333333,48.49311,0.02,2.8,125,5.1
"DSCN8002.JPG","2022:04:14 14:58:35",-123.345605,48.493065,0.02,2.8,125,5.1
"DSCN8004.JPG","2022:04:14 14:58:53",-123.345611666667,48.4930483333333,0.02,2.8,125,4.3
"DSCN8005.JPG","2022:04:14 14:59:07",-123.345565,48.4930666666667,0.01666666667,2.8,125,4.3
"DSCN8006.JPG","2022:04:14 14:59:16",-123.345588333333,48.4931583333333,0.01666666667,2.8,125,4.3
"DSCN8007.JPG","2022:04:14 14:59:17",-123.345595,48.493145,0.01666666667,2.8,125,4.3
"DSCN8008.JPG","2022:04:14 15:00:58",-123.345683333333,48.4928816666667,0.002,2.8,125,4.3
"DSCN8009.JPG","2022:04:14 15:01:04",-123.345653333333,48.49294,0.0015625,2.8,125,4.3
"DSCN8011.JPG","2022:04:14 15:01:37",-123.345636666667,48.492995,0.0025,2.8,125,4.3
"DSCN8012.JPG","2022:04:14 15:01:40",-123.34563,48.4930133333333,0.0025,2.8,125,4.3
"DSCN8013.JPG","2022:04:14 15:01:56",-123.345678333333,48.4930316666667,0.005,2.8,125,4.3
"DSCN8014.JPG","2022:04:14 15:02:51",-123.345846666667,48.4929366666667,0.001,2.8,125,4.3
"DSCN8017.JPG","2022:04:14 15:03:24",-123.345798333333,48.4929083333333,8e-04,2.8,125,4.3
"DSCN8018.JPG","2022:04:14 15:03:25",-123.345793333333,48.49291,0.00125,4.1,125,4.3
"DSCN8019.JPG","2022:04:14 15:03:26",-123.345793333333,48.49291,0.00125,4.1,125,4.3
"DSCN8020.JPG","2022:04:14 15:03:42",-123.345816666667,48.4928633333333,0.0015625,2.8,125,4.3
"DSCN8021.JPG","2022:04:14 15:04:05",-123.34576,48.4928366666667,0.00125,4.1,125,4.3
"DSCN8023.JPG","2022:04:14 15:04:31",-123.345791666667,48.49282,0.0025,4.2,125,6.1
"DSCN8024.JPG","2022:04:14 15:04:46",-123.345778333333,48.49281,0.00125,4.2,125,6.1
"DSCN8025.JPG","2022:04:14 15:04:47",-123.34578,48.49281,0.0015625,4.2,125,6.1
"DSCN8026.JPG","2022:04:14 15:06:58",-123.345996666667,48.49277,0.0025,4.2,125,6.1
"DSCN8027.JPG","2022:04:14 15:07:27",-123.345678333333,48.4928466666667,0.003125,4.4,125,10.1
"DSCN8030.JPG","2022:04:14 15:07:58",-123.3457,48.492865,8e-04,4.4,125,10.1
"DSCN8031.JPG","2022:04:14 15:08:37",-123.34572,48.4928266666667,0.00125,4.4,125,10.1
"DSCN8032.JPG","2022:04:14 15:08:42",-123.345721666667,48.4928283333333,0.00125,4.4,125,10.1
"DSCN8034.JPG","2022:04:14 15:09:19",-123.34569,48.49283,0.00125,4.4,125,10.1
"DSCN8036.JPG","2022:04:14 15:09:21",-123.345688333333,48.49283,0.0025,4.4,125,10.1
"DSCN8038.JPG","2022:04:14 15:09:25",-123.345685,48.4928266666667,0.0025,4.4,125,10.1
"DSCN8039.JPG","2022:04:14 15:10:19",-123.34563,48.492915,0.00625,4.4,125,10.1
"DSCN8040.JPG","2022:04:14 15:10:21",-123.34563,48.4929133333333,0.00625,4.4,125,10.1
"DSCN8041.JPG","2022:04:14 15:10:25",-123.34563,48.4929133333333,0.00125,4.4,125,10.1
"DSCN8042.JPG","2022:04:14 15:10:26",-123.345628333333,48.492915,0.00125,4.4,125,10.1
"DSCN8044.JPG","2022:04:14 15:10:35",-123.34562,48.492915,0.00125,4.4,125,10.1
"DSCN8045.JPG","2022:04:14 15:10:37",-123.34561,48.4929183333333,8e-04,4.4,125,10.1
"DSCN8046.JPG","2022:04:14 15:10:39",-123.345606666667,48.4929183333333,8e-04,4.4,125,10.1
"DSCN8047.JPG","2022:04:14 15:10:44",-123.345616666667,48.49291,0.0025,4.4,125,10.1
"DSCN8048.JPG","2022:04:14 15:14:35",-123.345635,48.4929066666667,0.003125,4.4,125,10.1
"DSCN8050.JPG","2022:04:14 15:14:40",-123.345803333333,48.49278,0.003125,4.4,125,10.1
"DSCN8051.JPG","2022:04:14 15:14:44",-123.345941666667,48.4928033333333,0.0025,4.4,125,10.1
"DSCN8052.JPG","2022:04:14 15:40:05",-123.345813333333,48.493015,0.01666666667,4.4,125,10.1
"DSCN8053.JPG","2022:04:14 15:40:15",-123.346081666667,48.4928033333333,0.005,2.8,125,4.3
"DSCN8054.JPG","2022:04:14 15:45:12",NA,NA,0.002,2.8,125,4.3
"DSCN8055.JPG","2022:04:14 15:45:15",-123.345801666667,48.492855,0.001,4.1,125,4.3
"DSCN8056.JPG","2022:04:14 15:45:17",-123.345776666667,48.4928866666667,0.00125,4.1,125,4.3
"DSCN8057.JPG","2022:04:14 15:45:20",-123.345808333333,48.49288,8e-04,2.8,125,4.3
"DSCN8058.JPG","2022:04:14 15:46:11",-123.34619,48.49276,8e-04,4.1,125,4.3
"DSCN8059.JPG","2022:04:14 15:46:14",-123.346191666667,48.49275,0.0015625,8.2,125,4.3
"DSCN8060.JPG","2022:04:14 15:47:56",-123.346423333333,48.4928583333333,0.004,2.8,125,4.3
"DSCN8061.JPG","2022:04:14 15:48:07",-123.34641,48.4928966666667,8e-04,2.8,125,4.3
"DSCN8062.JPG","2022:04:14 15:48:15",-123.346403333333,48.4929016666667,0.0006666666667,4.1,125,4.3
"DSCN8063.JPG","2022:04:14 15:48:28",-123.34641,48.4928983333333,0.0025,8.2,125,4.3
"DSCN8064.JPG","2022:04:14 15:49:12",-123.34653,48.4929733333333,8e-04,2.8,125,4.3
"DSCN8065.JPG","2022:04:14 15:53:39",-123.346623333333,48.4929366666667,0.00125,4.4,125,10.1
"DSCN8066.JPG","2022:04:14 15:53:43",-123.346801666667,48.4929166666667,0.0015625,4.4,125,10.1
"DSCN8067 copy.JPG","2022:04:14 15:53:46",-123.346823333333,48.4929266666667,0.0015625,4.4,125,10.1
"DSCN8067.JPG","2022:04:14 15:53:46",-123.346823333333,48.4929266666667,0.0015625,4.4,125,10.1
"DSCN8068.JPG","2022:04:14 15:53:52",-123.346843333333,48.4929316666667,0.00125,4.4,125,10.1
"DSCN8069.JPG","2022:04:14 15:53:55",-123.34682,48.49295,0.00125,4.4,125,10.1
"DSCN8070.JPG","2022:04:14 15:53:59",-123.346818333333,48.4929616666667,0.00125,4.4,125,10.1
"DSCN8071.JPG","2022:04:14 15:55:14",-123.346848333333,48.493,0.0015625,4.4,125,10.1
"DSCN8072.JPG","2022:04:14 15:55:17",-123.346848333333,48.492995,0.0025,4.4,125,10.1
"DSCN8073.JPG","2022:04:14 15:55:49",-123.346823333333,48.492995,0.0015625,4.4,125,10.1
"DSCN8074 copy.JPG","2022:04:14 15:56:06",-123.346796666667,48.4930316666667,0.003125,4.4,125,10.1
"DSCN8074.JPG","2022:04:14 15:56:06",-123.346796666667,48.4930316666667,0.003125,4.4,125,10.1
"DSCN8076 copy.JPG","2022:04:14 15:56:20",-123.346803333333,48.4930216666667,0.008,4.4,125,10.1
"DSCN8076.JPG","2022:04:14 15:56:20",-123.346803333333,48.4930216666667,0.008,4.4,125,10.1
"DSCN8079.JPG","2022:04:14 15:57:04",-123.34681,48.4930216666667,0.002,4.4,125,10.1
"DSCN8080.JPG","2022:04:14 15:57:29",-123.346806666667,48.4930216666667,0.00125,4.4,125,10.1
"DSCN8082.JPG","2022:04:14 15:57:52",-123.34679,48.4930316666667,0.002,4.4,125,10.1
"DSCN8084.JPG","2022:04:14 15:58:14",-123.346801666667,48.4930333333333,0.00125,4.4,125,10.1
"DSCN8085.JPG","2022:04:14 15:58:16",-123.346803333333,48.4930333333333,0.00125,4.4,125,10.1
"DSCN8088.JPG","2022:04:14 16:02:18",-123.346895,48.4929733333333,0.005,4.4,125,11
"DSCN8089.JPG","2022:04:14 16:02:22",-123.346926666667,48.492955,0.00625,4.9,125,21.5
"DSCN8091.JPG","2022:04:14 16:03:26",-123.346725,48.4930383333333,0.003125,4.9,125,21.5
"DSCN8092.JPG","2022:04:14 16:03:38",-123.346713333333,48.49304,0.003125,4.9,125,21.5
"DSCN8094.JPG","2022:04:14 16:04:20",-123.346755,48.49301,0.00125,4.9,125,21.5
"DSCN8095 copy.JPG","2022:04:14 16:04:25",-123.346751666667,48.4930133333333,0.00125,4.9,125,21.5
"DSCN8095.JPG","2022:04:14 16:04:25",-123.346751666667,48.4930133333333,0.00125,4.9,125,21.5
"DSCN8097.JPG","2022:04:14 16:06:02",-123.346466666667,48.4930933333333,0.00125,4.2,125,6.1
"DSCN8098.JPG","2022:04:14 16:06:03",-123.346466666667,48.4930933333333,0.00125,4.2,125,6.1
"DSCN8099.JPG","2022:04:14 16:06:07",-123.346555,48.4930416666667,0.00125,4.2,125,6.1
"DSCN8100.JPG","2022:04:14 16:06:12",-123.346603333333,48.4929433333333,0.00125,4.2,125,6.1
"DSCN8101.JPG","2022:04:14 16:06:16",-123.346628333333,48.492915,0.0025,4.2,125,6.1
"DSCN8102.JPG","2022:04:14 16:11:02",-123.34651,48.4929866666667,0.00125,4.4,125,10.1
"DSCN8103.JPG","2022:04:14 16:11:14",-123.346266666667,48.4928266666667,8e-04,4.1,125,4.3
"DSCN8104.JPG","2022:04:14 16:11:30",-123.346266666667,48.4928183333333,0.001,4.2,125,6.6
"DSCN8105.JPG","2022:04:14 16:11:46",-123.346276666667,48.4928333333333,0.00125,4.2,125,6.6
"DSCN8107.JPG","2022:04:14 16:15:18",-123.346311666667,48.49268,8e-04,4.2,125,6.6
"DSCN8108.JPG","2022:04:14 16:19:37",-123.346388333333,48.4924716666667,0.0025,4.2,125,6.6
"DSCN8109.JPG","2022:04:14 16:19:40",-123.346351666667,48.4924733333333,0.0025,4.2,125,6.6
"DSCN8110.JPG","2022:04:14 16:26:36",-123.344901666667,48.49238,0.0125,4.4,125,10.1
"DSCN8111.JPG","2022:04:14 16:26:40",-123.344981666667,48.4923833333333,0.01,4.4,125,10.1
"DSCN8112.JPG","2022:04:14 16:26:46",-123.345023333333,48.4923716666667,0.001,4.4,125,10.1
"DSCN8114.JPG","2022:04:14 16:26:49",-123.345021666667,48.4923683333333,0.00125,4.4,125,10.1
"DSCN8115.JPG","2022:04:14 16:32:13",-123.34478,48.491855,0.001,4.4,125,10.1
"DSCN8117.JPG","2022:04:14 16:32:40",-123.344806666667,48.4918983333333,0.0025,4.9,125,21.5
"DSCN8118.JPG","2022:04:14 16:34:46",-123.34493,48.491865,0.002,2.8,125,5.1
"DSCN8119.JPG","2022:04:14 16:34:50",-123.344975,48.491745,0.001,2.8,125,5.1
"DSCN8120.JPG","2022:04:14 16:34:56",-123.344966666667,48.4917516666667,0.0015625,2.8,125,5.1
"DSCN8121.JPG","2022:04:14 16:35:05",-123.344941666667,48.4917566666667,0.0015625,8.3,125,5.1
"DSCN8122.JPG","2022:04:14 16:35:10",-123.34494,48.4917533333333,0.001,8.8,125,10.1
"DSCN8123.JPG","2022:04:14 16:35:12",-123.344938333333,48.4917483333333,0.001,8.8,125,10.1
"DSCN8124.JPG","2022:04:14 16:35:13",-123.344936666667,48.4917466666667,0.001,8.8,125,10.1
"DSCN8128.JPG","2022:04:14 16:38:11",-123.34496,48.49201,0.0025,4.9,125,21.5
"DSCN8131.JPG","2022:04:14 16:38:21",-123.344961666667,48.4920116666667,0.003125,4.9,125,21.5
"DSCN8132.JPG","2022:04:14 16:38:24",-123.34496,48.4920116666667,0.003125,4.9,125,21.5
"DSCN8133.JPG","2022:04:14 16:38:26",-123.34496,48.4920116666667,0.003125,4.9,125,21.5
"DSCN8134.JPG","2022:04:14 16:38:28",-123.344961666667,48.492015,0.003125,4.9,125,21.5
"DSCN8135.JPG","2022:04:14 16:38:29",-123.344963333333,48.4920166666667,0.003125,4.9,125,21.5
"DSCN8136.JPG","2022:04:14 16:38:46",-123.345016666667,48.4920466666667,0.003125,4.2,125,6.6
"DSCN8137.JPG","2022:04:14 16:39:08",-123.344998333333,48.4920666666667,0.0025,4.2,125,6.6
"DSCN8138.JPG","2022:04:14 16:39:12",-123.345001666667,48.492065,0.003125,4.7,125,16.6
"DSCN8141.JPG","2022:04:14 16:39:56",-123.344965,48.4920816666667,0.001,4.1,125,4.7
"DSCN8142.JPG","2022:04:14 16:39:57",-123.344965,48.49208,0.001,4.1,125,4.7
"DSCN8143.JPG","2022:04:14 16:40:07",-123.344965,48.4920766666667,0.001,4.1,125,4.7
"DSCN8146.JPG","2022:04:14 16:40:13",-123.34496,48.492075,0.001,4.1,125,4.7
"DSCN8147.JPG","2022:04:14 16:41:03",-123.344948333333,48.4923233333333,0.001,2.8,125,4.7
"DSCN8148.JPG","2022:04:14 16:41:22",-123.344848333333,48.492325,0.001,4.1,125,4.7
"DSCN8149.JPG","2022:04:14 16:50:02",-123.344973333333,48.4924533333333,0.04,4.4,400,10.1
"DSCN8150.JPG","2022:04:14 16:50:29",-123.342846666667,48.4962633333333,0.04,4.2,400,6.6
"DSCN8151.JPG","2022:04:14 16:50:35",-123.34284,48.4962083333333,0.05,4.2,400,6.6
"DSCN8152.JPG","2022:04:14 16:50:51",-123.342655,48.49616,0.03333333333,4.2,280,6.6
"DSCN8153.JPG","2022:04:14 16:51:42",-123.342493333333,48.4961966666667,0.03333333333,4.2,360,6.6
"DSCN8154.JPG","2022:04:14 16:51:48",-123.342481666667,48.4961933333333,0.03333333333,4.2,360,6.6
"DSCN8156.JPG","2022:04:14 16:52:24",-123.342231666667,48.49614,0.00625,4.2,125,6.6
"DSCN8157.JPG","2022:04:14 16:52:47",-123.342256666667,48.496075,0.03333333333,4.2,220,6.6
"DSCN8158.JPG","2022:04:14 16:52:51",-123.34229,48.4960783333333,0.03333333333,4.2,220,6.6
"DSCN8161.JPG","2022:04:14 16:53:01",-123.342366666667,48.4960766666667,0.03333333333,4.2,160,6.6
"DSCN8162.JPG","2022:04:14 16:53:06",-123.342391666667,48.4960866666667,0.03333333333,4.2,160,6.6
"DSCN8163.JPG","2022:04:14 16:53:19",-123.342328333333,48.49606,0.025,4.2,125,6.6
"DSCN8164.JPG","2022:04:14 16:53:23",-123.342323333333,48.4960883333333,0.02,4.2,125,6.6
"DSCN8165.JPG","2022:04:14 16:53:28",-123.342346666667,48.49613,0.03333333333,4.2,125,6.6
"DSCN8167.JPG","2022:04:14 16:53:59",-123.342198333333,48.49608,0.00625,2.8,125,4.3
"DSCN8168.JPG","2022:04:14 16:54:04",-123.342195,48.496095,8e-04,2.8,125,4.3
"DSCN8169.JPG","2022:04:14 16:54:07",-123.342196666667,48.4961,0.005,2.8,125,4.3
"DSCN8170.JPG","2022:04:14 16:55:51",-123.34203,48.4961616666667,0.00625,2.8,125,4.3
"DSCN8171.JPG","2022:04:14 16:56:04",-123.342163333333,48.4964333333333,0.01666666667,2.8,125,4.3
"DSCN8172.JPG","2022:04:14 16:56:10",-123.342168333333,48.4963833333333,0.03333333333,2.8,125,4.3
"DSCN8174.JPG","2022:04:14 16:56:16",-123.342165,48.4963516666667,0.005,2.8,125,4.3
"DSCN8175.JPG","2022:04:14 16:56:32",-123.342133333333,48.4962733333333,0.01,2.8,125,4.3
"DSCN8176.JPG","2022:04:14 16:57:06",-123.342516666667,48.4962833333333,0.008,2.8,125,4.3
"DSCN8177.JPG","2022:04:14 16:57:09",-123.342545,48.4962866666667,0.0125,2.8,125,4.3
"DSCN8180.JPG","2022:04:14 16:58:00",-123.342533333333,48.4962033333333,0.01666666667,4.2,125,6.6
"DSCN8182.JPG","2022:04:14 16:58:07",-123.342521666667,48.496205,0.01,4.2,125,6.6
"DSCN8183.JPG","2022:04:14 16:58:13",-123.342493333333,48.496185,0.025,4.2,125,6.6
"DSCN8184.JPG","2022:04:14 17:01:16",NA,NA,0.03333333333,4.2,125,6.6
"DSCN8185.JPG","2022:04:14 17:01:40",-123.342306666667,48.4962833333333,0.008,4.2,125,6.6
"DSCN8188.JPG","2022:04:14 17:02:02",-123.342388333333,48.4963366666667,0.01,4.2,125,6.6
"DSCN8189.JPG","2022:04:14 17:02:14",-123.34234,48.4962566666667,0.03333333333,4.2,125,6.6
"DSCN8191.JPG","2022:04:14 17:02:19",-123.34234,48.4962433333333,0.03333333333,4.2,125,6.6
"DSCN8192.JPG","2022:04:14 17:02:38",-123.342298333333,48.49624,0.025,4.2,125,6.6
"DSCN8196.JPG","2022:04:14 17:02:51",-123.342305,48.4963,0.03333333333,4.2,125,6.6
"DSCN8198.JPG","2022:04:14 17:03:05",-123.342328333333,48.496215,0.03333333333,4.2,125,6.6
"DSCN8199.JPG","2022:04:14 17:04:38",-123.342783333333,48.4963383333333,0.03333333333,4.2,280,6.6
"DSCN8200.JPG","2022:04:14 17:05:06",-123.342823333333,48.496265,0.004,4.2,125,6.6
"DSCN8201.JPG","2022:04:14 17:05:10",-123.342811666667,48.496275,0.03333333333,4.2,280,6.6
"DSCN8202.JPG","2022:04:14 17:05:12",-123.34281,48.496275,0.01666666667,4.2,125,6.6
"DSCN8203.JPG","2022:04:14 17:05:14",-123.34281,48.4962783333333,0.0125,4.2,125,6.6
"DSCN8204.JPG","2022:04:14 17:05:16",-123.342815,48.49628,0.004,4.2,125,6.6
"DSCN8205.JPG","2022:04:14 17:16:22",-123.342796666667,48.496445,0.03333333333,2.8,250,4.3
"DSCN8206.JPG","2022:04:14 17:16:27",-123.342795,48.4964183333333,0.03333333333,2.8,180,4.3
"DSCN8207.JPG","2022:04:14 17:16:30",-123.342735,48.4963716666667,0.0025,2.8,125,4.3
"DSCN8208.JPG","2022:04:14 17:16:35",-123.342698333333,48.4963766666667,0.03333333333,2.8,160,4.3
"DSCN8209.JPG","2022:04:14 17:26:20",NA,NA,0.02,4.4,125,10.1
"DSCN8211.JPG","2022:04:14 17:26:30",-123.338218333333,48.49101,0.02,4.4,125,10.1
"DSCN8212.JPG","2022:04:14 17:26:35",-123.338153333333,48.491005,0.02,4.4,125,10.1
"DSCN8213.JPG","2022:04:14 17:26:36",-123.338153333333,48.491005,0.02,4.4,125,10.1
"DSCN8215.JPG","2022:04:14 17:26:48",-123.338273333333,48.49098,0.03333333333,4.4,220,10.1
"DSCN8216.JPG","2022:04:14 17:26:50",-123.338273333333,48.4909633333333,0.03333333333,4.4,250,10.1
"DSCN8217.JPG","2022:04:14 17:26:56",-123.338336666667,48.4909416666667,0.03333333333,4.4,320,10.1
"DSCN8218.JPG","2022:04:14 17:27:15",-123.338203333333,48.4908516666667,0.03333333333,4.4,250,10.1
"DSCN8219.JPG","2022:04:14 17:27:29",-123.338161666667,48.4909183333333,0.02,4.2,125,6.1
"DSCN8220.JPG","2022:04:14 17:27:37",-123.338198333333,48.4909383333333,0.01666666667,4.2,125,6.1
"DSCN8221.JPG","2022:04:14 17:28:25",-123.337955,48.49093,0.04,4.2,400,6.1
"DSCN8222.JPG","2022:04:14 17:28:32",-123.337961666667,48.4909183333333,0.03333333333,2.8,180,4.3
"DSCN8223.JPG","2022:04:14 17:28:40",-123.337963333333,48.4909516666667,0.01,2.8,125,4.3
"DSCN8225.JPG","2022:04:14 17:28:49",-123.337976666667,48.4909533333333,0.02,2.8,125,4.3
"DSCN8227.JPG","2022:04:14 17:29:10",-123.338083333333,48.4909533333333,0.03333333333,4.2,140,6.1
"DSCN8229.JPG","2022:04:14 17:29:29",-123.338238333333,48.49106,0.02,4.2,125,6.1
"DSCN8230.JPG","2022:04:14 17:29:48",-123.338338333333,48.4911483333333,0.01,4.2,125,6.1
"DSCN8231.JPG","2022:04:14 17:29:52",-123.3384,48.491205,0.01666666667,4.2,125,6.1
"DSCN8232.JPG","2022:04:14 17:30:10",-123.338405,48.4912283333333,0.03333333333,4.2,400,6.1
"DSCN8234.JPG","2022:04:14 17:30:38",-123.338536666667,48.4913583333333,0.03333333333,4.2,250,6.1
"DSCN8236.JPG","2022:04:14 17:31:00",-123.338676666667,48.4914283333333,0.03333333333,4.2,280,6.1
"DSCN8237.JPG","2022:04:14 17:31:05",-123.338685,48.4914216666667,0.005,4.2,125,6.1
"DSCN8238.JPG","2022:04:14 17:31:27",-123.338741666667,48.4913733333333,0.03333333333,4.2,280,6.1
"DSCN8239.JPG","2022:04:14 17:32:05",-123.338946666667,48.491345,0.008,4.2,125,6.1
"DSCN8242.JPG","2022:04:14 17:32:27",-123.33896,48.4913866666667,0.03333333333,4.2,320,6.1
"DSCN8244.JPG","2022:04:14 17:32:35",-123.338943333333,48.4914133333333,0.03333333333,4.2,400,6.1
"DSCN8245.JPG","2022:04:14 17:32:42",-123.33893,48.4914266666667,0.05,4.2,400,6.1
"DSCN8246.JPG","2022:04:14 17:32:43",-123.338933333333,48.4914233333333,0.05,4.2,400,6.1
"DSCN8247.JPG","2022:04:14 17:32:48",-123.338906666667,48.49138,0.03333333333,4.2,280,6.1
"DSCN8248.JPG","2022:04:14 17:33:03",-123.338955,48.4913666666667,0.03333333333,4.2,400,6.1
"DSCN8251.JPG","2022:04:14 17:33:10",-123.338968333333,48.4913516666667,0.03333333333,4.2,400,6.1
"DSCN8255.JPG","2022:04:14 17:33:17",-123.338985,48.4912866666667,0.03333333333,4.2,400,6.1
"DSCN8258.JPG","2022:04:14 17:33:29",-123.339011666667,48.491265,0.03333333333,4.2,360,6.1
"DSCN8259.JPG","2022:04:14 17:33:31",-123.339013333333,48.491275,0.03333333333,4.2,360,6.1
"DSCN8275.JPG","2022:04:14 17:34:19",-123.339,48.4913766666667,0.03333333333,4.2,200,6.1
"DSCN8276.JPG","2022:04:14 17:34:25",-123.338978333333,48.4914033333333,0.025,4.2,125,6.1
"DSCN8277.JPG","2022:04:14 17:34:26",-123.338975,48.4914033333333,0.025,4.2,125,6.1
"DSCN8280.JPG","2022:04:14 17:34:49",-123.338953333333,48.4914066666667,0.02,4.2,125,6.1
"DSCN8281.JPG","2022:04:14 17:34:55",-123.338951666667,48.4914166666667,0.01666666667,4.2,125,6.1
"DSCN8283.JPG","2022:04:14 17:35:15",-123.339045,48.4914366666667,0.03333333333,4.2,200,6.1
"DSCN8285.JPG","2022:04:14 17:36:10",-123.33944,48.49144,0.04,4.2,400,6.1
"DSCN8287.JPG","2022:04:14 17:36:29",-123.339351666667,48.4914016666667,0.03333333333,4.2,400,6.1
"DSCN8288.JPG","2022:04:14 17:36:36",-123.339353333333,48.4913916666667,0.03333333333,4.2,400,6.1
"DSCN8289.JPG","2022:04:14 17:36:45",-123.339343333333,48.4913433333333,0.04,4.2,400,6.1
"DSCN8290.JPG","2022:04:14 17:36:51",-123.339333333333,48.4913283333333,0.04,4.2,400,6.1
"DSCN8292.JPG","2022:04:14 17:37:00",-123.339221666667,48.4913183333333,0.04,4.2,400,6.1
"DSCN8293.JPG","2022:04:14 17:37:30",-123.339491666667,48.49129,0.06666666667,4.2,400,6.1
"DSCN8294.JPG","2022:04:14 17:37:31",-123.339491666667,48.4912916666667,0.06666666667,4.2,400,6.1
"DSCN8295.JPG","2022:04:14 17:38:40",-123.339828333333,48.49117,0.03333333333,4.2,400,6.1
"DSCN8296.JPG","2022:04:14 17:38:45",-123.339848333333,48.491155,0.03333333333,4.2,400,6.1
"DSCN8298.JPG","2022:04:14 17:39:09",-123.339816666667,48.4911816666667,0.03333333333,4.2,280,6.1
"DSCN8299.JPG","2022:04:14 17:39:11",-123.339816666667,48.4911733333333,0.03333333333,4.2,160,6.1
"DSCN8304.JPG","2022:04:14 17:39:47",-123.339895,48.4912316666667,0.03333333333,4.2,320,6.1
"DSCN8306.JPG","2022:04:14 17:39:56",-123.339891666667,48.49127,0.03333333333,4.2,360,6.1
"DSCN8308.JPG","2022:04:14 17:40:31",-123.340081666667,48.4912516666667,0.06666666667,4.2,400,6.1
"DSCN8309.JPG","2022:04:14 17:40:48",-123.340133333333,48.4911866666667,0.03333333333,4.2,360,6.1
"DSCN8310.JPG","2022:04:14 17:41:33",-123.339993333333,48.4909916666667,0.04,4.2,400,6.1
"DSCN8312.JPG","2022:04:14 17:43:49",-123.339948333333,48.4910133333333,0.005,4.2,125,6.1
"DSCN8314.JPG","2022:04:14 17:44:09",-123.340356666667,48.4911666666667,0.005,4.2,125,6.1
"DSCN8315.JPG","2022:04:14 17:44:26",-123.34045,48.4911666666667,0.1,4.2,450,6.1
"DSCN8316.JPG","2022:04:14 17:44:39",-123.34042,48.491065,0.04,2.8,400,4.3
"DSCN8317.JPG","2022:04:14 17:44:41",-123.340426666667,48.4910733333333,0.04,2.8,400,4.3
"DSCN8320.JPG","2022:04:14 17:50:37",-123.339761666667,48.4912316666667,0.03333333333,4.4,220,10.1
"DSCN8324.JPG","2022:04:14 17:51:16",-123.339748333333,48.49128,0.03333333333,4.4,400,10.1
"DSCN8328.JPG","2022:04:14 17:51:26",-123.339726666667,48.49126,0.03333333333,4.4,220,10.1
"DSCN8330.JPG","2022:04:14 17:53:36",-123.339071666667,48.491545,0.06666666667,4.4,400,10.1
"DSCN8333.JPG","2022:04:14 17:57:30",-123.338788333333,48.4912933333333,0.06666666667,4.8,900,18.1
"DSCN8334.JPG","2022:04:14 17:57:58",-123.338983333333,48.4914766666667,0.03333333333,2.8,200,5.1
