{"chunk_definitions":[{"row":15,"row_count":1,"visible":true,"expansion_state":0,"options":{"engine":"r","label":"setup","include":false},"document_id":"BFEDAFFC","chunk_id":"csetup_chunk","chunk_label":"setup"},{"row":37,"row_count":1,"visible":true,"expansion_state":0,"options":{"engine":"r","label":"intall-packages","echo":false,"fig.cap":"Install packages","out.width":"50%"},"document_id":"BFEDAFFC","chunk_id":"c6h7ud701txzm","chunk_label":"intall-packages"}],"doc_write_time":1651891755,"working_dir":null,"default_chunk_options":{"echo":true},"chunk_rendered_width":647}